{
  "project_info": {
    "project_number": "799908137472",
    "firebase_url": "https://loginoutapp.firebaseio.com",
    "project_id": "loginoutapp",
    "storage_bucket": "loginoutapp.appspot.com"
  },
  "client": [
    {
      "client_info": {
        "mobilesdk_app_id": "1:799908137472:android:4837aa27a11bac0926e6e5",
        "android_client_info": {
          "package_name": "com.example.loginoutfirebaseapp"
        }
      },
      "oauth_client": [
        {
          "client_id": "799908137472-ivg7mmvs9dec3rjj5kl0uj9jfepjhcdv.apps.googleusercontent.com",
          "client_type": 3
        }
      ],
      "api_key": [
        {
          "current_key": "AIzaSyBWX6-g-b1ZWyb22L_ElBnkW5qM2-lGHaM"
        }
      ],
      "services": {
        "appinvite_service": {
          "other_platform_oauth_client": [
            {
              "client_id": "799908137472-ivg7mmvs9dec3rjj5kl0uj9jfepjhcdv.apps.googleusercontent.com",
              "client_type": 3
            }
          ]
        }
      }
    }
  ],
  "configuration_version": "1"
}